{"cameraMode":{"drawMode":0,"name":"Shaded","section":"Shading Mode"},"sceneLighting":true,"audioPlay":false,"sceneViewState":{"m_AlwaysRefresh":false,"showFog":true,"showSkybox":true,"showFlares":true,"showImageEffects":true,"showParticleSystems":true,"showVisualEffectGraphs":true,"m_FxEnabled":true},"in2DMode":false,"pivot":{"x":22.673219680786134,"y":22.6218318939209,"z":-60.33351516723633},"rotation":{"x":-0.05365784093737602,"y":0.10792765766382218,"z":-0.005834180396050215,"w":-0.9926952123641968},"size":20.098007202148439,"orthographic":true}